{
  "info" : {
    "author" : "xcode",
    "version" : 1
  },
  "resources" : [
    {
      "filename" : "bmw.arreferenceimage"
    },
    {
      "filename" : "cheetos.arreferenceimage"
    },
    {
      "filename" : "chevy.arreferenceimage"
    },
    {
      "filename" : "coke.arreferenceimage"
    },
    {
      "filename" : "corona.arreferenceimage"
    },
    {
      "filename" : "crayola.arreferenceimage"
    },
    {
      "filename" : "deadEnd.arreferenceimage"
    },
    {
      "filename" : "dominos.arreferenceimage"
    },
    {
      "filename" : "doNotEnter.arreferenceimage"
    },
    {
      "filename" : "ducktape.arreferenceimage"
    },
    {
      "filename" : "elmers.arreferenceimage"
    },
    {
      "filename" : "jif.arreferenceimage"
    },
    {
      "filename" : "joseCuervo.arreferenceimage"
    },
    {
      "filename" : "ketchup.arreferenceimage"
    },
    {
      "filename" : "laCroix.arreferenceimage"
    },
    {
      "filename" : "mayo.arreferenceimage"
    },
    {
      "filename" : "mercedes.arreferenceimage"
    },
    {
      "filename" : "minicooper.arreferenceimage"
    },
    {
      "filename" : "modpodge.arreferenceimage"
    },
    {
      "filename" : "mustard.arreferenceimage"
    },
    {
      "filename" : "oneWay.arreferenceimage"
    },
    {
      "filename" : "oreo.arreferenceimage"
    },
    {
      "filename" : "playdoh.arreferenceimage"
    },
    {
      "filename" : "ranch.arreferenceimage"
    },
    {
      "filename" : "speedLimit.arreferenceimage"
    },
    {
      "filename" : "sriracha.arreferenceimage"
    },
    {
      "filename" : "stop.arreferenceimage"
    },
    {
      "filename" : "takis.arreferenceimage"
    },
    {
      "filename" : "titos.arreferenceimage"
    },
    {
      "filename" : "volkswagen.arreferenceimage"
    }
  ]
}
